{
    "normals":[-0.823165,-0.567802,2.51476e-08,0.637982,0.542769,-0.546242,0.77884,0.627223,-4.08253e-08,0.552596,0.661466,0.507051,-0.548675,-0.749618,0.370173,0.367072,0.930192,-3.6657e-08,-0.863422,0.48108,-0.151873,0.966993,-0.0626196,0.246988,0.270904,0.959476,-0.077575,0,-0.973213,-0.229904,0.0333644,-0.962838,0.268012,0.263747,0.554373,-0.789372,0.967964,0.189653,0.164556,-0.0808822,-0.984733,0.154137,0.883649,0.337905,0.324013,0,-0.988643,-0.150285,0.823165,-0.567802,2.51476e-08,-0.637982,0.542769,-0.546242,-0.77884,0.627223,-4.08253e-08,-0.552596,0.661466,0.507051,0.548675,-0.749618,0.370173,-0.367072,0.930192,-3.6657e-08,-0.97832,0.188581,-0.0856043,0,0.9899,-0.141769,-0.271054,0.959409,-0.0778674,0,-0.988481,0.151343,0,-0.799612,0.600517,-0.033353,-0.962851,0.267967,0.0809566,-0.984727,0.154136,-0.163565,0.751557,-0.639068,-0.967964,0.189653,0.164556,0,0.989102,0.147234,-0.779278,-0.5011,0.376331,0,0.801753,0.597655,0,0.923144,0.384454,0,1,-5.96046e-08,0,-0.707107,-0.707107,0.634976,-0.119717,-0.7632,0.979336,-0.143006,0.143006,-0.277703,-0.376101,0.883985,-0.200138,-0.738549,-0.643809,-0.13641,0.990126,0.0322868,-0.979336,-0.143006,0.143006,0.13641,0.990126,0.0322868,0.277666,-0.3761,0.883997,-0.738601,-0.476691,0.476691,0.163426,0.751529,-0.639137,-0.26399,0.554379,-0.789287,0.798491,-0.116262,-0.590674,-0.798491,-0.116262,-0.590674,-0.846798,0.531915,-1.91376e-08,0.846798,0.531915,-1.91376e-08,0.695428,-0.718595,2.35575e-08,-0.695428,-0.718595,2.35575e-08,0.738601,-0.476691,0.476691,0.200138,-0.738549,-0.643809,0.779278,-0.5011,0.376331,-0.883649,0.337905,0.324013,0.863422,0.48108,-0.151873,0.979206,0.153228,0.132951,-0.979206,0.153228,0.132951,0,-0.954563,0.29801,0,-0.801356,-0.598188,0,0.537332,0.843371,-0.983064,0.181058,-0.0283404,0.983064,0.181058,-0.0283404,-0.966993,-0.0626196,0.246988,0,-0,-1,-0.634976,-0.119717,-0.7632,0,-0.747057,-0.66476,0,0.772666,-0.634813,0.97832,0.188581,-0.0856043],
    "vertices":[6.39735,-1.38951,3.50217,2.74172,3.9102,0.784766,6.39735,-1.38951,-4.23068,2.74172,3.9102,-3.26299,7.47919,-1.19826,2.28593,3.65563,3.54956,0.046982,7.47919,-1.19826,-2.80586,3.65563,3.54956,-2.52521,2.23008,-1.21068,4,1.19025,0.866838,4.66924,1,-0.265757,1.16166e-08,0.723171,1.4652,0.649491,1,-0.735338,-3,0.556273,1.10657,-1.8547,5.43819,6.58871e-08,1.50732,5.44022,-4.37114e-08,-1,6.12794,-1,-2,1.4,-1.04155,-5,1,1,-5,1,2,-4,0.526623,2,-6,1,-0.870592,7,1,-1.5327,6.11837,-6.39735,-1.38951,3.50217,-2.74172,3.9102,0.784766,-6.39735,-1.38951,-4.23068,-2.74172,3.9102,-3.26299,-7.47919,-1.19826,2.28593,-3.65563,3.54956,0.046982,-7.47919,-1.19826,-2.80586,-3.65563,3.54956,-2.52521,-2.23008,-1.21068,4,-1.19025,0.866838,4.66924,-1,-0.265757,1.16166e-08,-0.723171,1.4652,0.649491,-1,-0.735338,-3,-0.556273,1.10657,-1.8547,-5.43884,6.58871e-08,1.50732,-5.43546,-4.37114e-08,-1,-6.12319,-1,-2,-1.4,-1.04155,-5,-1,1,-5,-1,2,-4,-0.526623,2,-6,-1,-0.870592,7,-1,-1.5327,6.11837,3.53491,2.46224,-7.46543,-3.53491,2.46224,-7.46543,5.02649,-3.57189,1.11464,5.02649,-3.57189,-5.6543,-5.02649,-3.57189,1.11464,-5.02649,-3.57189,-5.6543,0.774156,-1.25852,0.632513,-0.774156,-1.25852,0.632513,1.26034,-1.90386,-1.4346,-1.26034,-1.90386,-1.4346,0.603486,0.645838,-4.60199,0.84488,-0.714554,-4.60199,-0.603486,0.645838,-4.60199,-0.84488,-0.714554,-4.60199],
    "metadata":{
        "vertices":60,
        "materials":1,
        "generator":"io_three",
        "version":3,
        "normals":72,
        "uvs":1,
        "faces":72,
        "type":"Geometry"
    },
    "materials":[{
        "specularCoef":50,
        "doubleSided":false,
        "transparent":false,
        "visible":true,
        "mapDiffuseRepeat":[1,1],
        "colorDiffuse":[0.64,0.64,0.64],
        "mapDiffuseAnisotropy":1,
        "colorSpecular":[0.5,0.5,0.5],
        "depthTest":true,
        "DbgIndex":0,
        "mapDiffuse":"Spaceship3 Diffuse Color.png",
        "DbgName":"Material",
        "DbgColor":15658734,
        "blending":"NormalBlending",
        "shading":"phong",
        "wireframe":false,
        "depthWrite":true,
        "colorEmissive":[0,0,0],
        "mapDiffuseWrap":["repeat","repeat"],
        "opacity":1
    }],
    "faces":[43,0,1,3,2,0,0,1,2,3,0,0,0,0,43,2,3,7,6,0,4,5,6,7,1,1,1,1,43,6,7,5,4,0,8,9,10,11,2,2,2,2,43,1,0,4,5,0,14,15,12,13,3,3,3,3,42,23,27,50,0,16,17,18,4,4,4,43,7,3,1,5,0,19,20,21,22,5,5,5,5,42,33,31,32,0,23,24,25,6,6,6,42,10,52,54,0,26,27,28,7,7,7,43,13,11,14,15,0,29,30,31,32,8,8,8,8,43,10,8,31,33,0,33,34,35,36,9,9,9,9,42,33,37,39,0,37,38,39,10,10,10,42,12,13,15,0,40,41,42,11,11,11,42,12,17,18,0,43,44,45,12,12,12,42,10,12,16,0,46,47,48,13,13,13,42,8,9,21,0,49,50,51,14,14,14,43,45,31,8,22,0,52,53,54,55,15,15,15,15,43,23,25,26,24,0,56,57,58,59,16,16,16,16,43,25,29,30,26,0,60,61,62,63,17,17,17,17,43,29,27,28,30,0,64,65,66,67,18,18,18,18,43,27,23,24,28,0,68,69,70,71,19,19,19,19,42,4,0,48,0,72,73,74,20,20,20,43,30,28,24,26,0,75,76,77,78,21,21,21,21,42,34,33,32,0,79,80,81,22,22,22,43,11,13,36,34,0,82,83,84,85,23,23,23,23,43,36,38,37,34,0,86,87,88,89,24,24,24,24,43,12,35,40,17,0,90,91,92,93,25,25,25,25,43,45,22,21,44,0,94,95,96,97,26,26,26,26,42,14,10,16,0,98,99,100,27,27,27,42,35,33,39,0,101,102,103,28,28,28,42,35,39,38,0,104,105,106,29,29,29,42,41,40,35,0,107,108,109,30,30,30,43,9,11,34,32,0,110,111,112,113,31,31,31,31,42,31,45,44,0,114,115,116,32,32,32,43,44,21,9,32,0,117,118,119,120,33,33,33,33,43,36,13,19,42,0,121,122,123,124,34,34,34,34,43,20,43,42,19,0,125,126,127,128,35,35,35,35,43,20,18,41,43,0,129,130,131,132,36,36,36,36,43,40,41,58,59,0,133,134,135,136,37,37,37,37,42,18,19,13,0,137,138,139,38,38,38,42,11,10,14,0,140,141,142,39,39,39,42,18,20,46,0,143,144,145,40,40,40,42,20,19,46,0,146,147,148,41,41,41,42,41,36,42,0,149,150,151,42,42,42,42,42,43,47,0,152,153,154,43,43,43,42,34,37,33,0,155,156,157,44,44,44,42,41,42,47,0,158,159,160,45,45,45,42,16,12,15,0,161,162,163,46,46,46,42,36,35,38,0,164,165,166,47,47,47,42,2,6,49,0,167,168,169,48,48,48,42,29,25,51,0,170,171,172,49,49,49,43,0,2,49,48,0,173,174,175,176,50,50,50,50,43,25,23,50,51,0,177,178,179,180,51,51,51,51,43,6,4,48,49,0,181,182,183,184,52,52,52,52,43,27,29,51,50,0,185,186,187,188,53,53,53,53,42,18,46,19,0,189,190,191,54,54,54,42,43,41,47,0,192,193,194,55,55,55,42,22,8,21,0,195,196,197,56,56,56,42,32,31,44,0,198,199,200,57,57,57,42,8,10,9,0,201,202,203,58,58,58,42,13,12,18,0,204,205,206,59,59,59,42,36,41,35,0,207,208,209,60,60,60,43,53,55,54,52,0,210,211,212,213,61,61,61,61,43,35,12,54,55,0,214,215,216,217,62,62,62,62,43,10,33,53,52,0,218,219,220,221,63,63,63,63,42,33,35,55,0,222,223,224,64,64,64,42,12,10,54,0,225,226,227,65,65,65,42,53,33,55,0,228,229,230,66,66,66,43,57,59,58,56,0,231,232,233,234,67,67,67,67,43,18,17,57,56,0,235,236,237,238,68,68,68,68,43,41,18,56,58,0,239,240,241,242,69,69,69,69,43,17,40,59,57,0,243,244,245,246,70,70,70,70,42,10,11,9,0,247,248,249,71,71,71],