{
    "materials":[{
        "mapDiffuseWrap":["repeat","repeat"],
        "shading":"phong",
        "DbgIndex":0,
        "visible":true,
        "DbgColor":15658734,
        "doubleSided":false,
        "wireframe":false,
        "mapDiffuse":"Spaceship2 Diffuse Color.png",
        "blending":"NormalBlending",
        "colorSpecular":[0.5,0.5,0.5],
        "colorDiffuse":[0.64,0.64,0.64],
        "depthWrite":true,
        "DbgName":"Spaceship Material",
        "depthTest":true,
        "specularCoef":50,
        "colorEmissive":[0,0,0],
        "transparent":false,
        "mapDiffuseAnisotropy":1,
        "mapDiffuseRepeat":[1,1],
        "opacity":1
    }],
    "metadata":{
        "type":"Geometry",
        "generator":"io_three",
        "faces":84,
        "materials":1,
        "uvs":1,
        "version":3,
        "normals":84,
        "vertices":58
    },
    "uvs":[[0.890625,0.609375,0.8125,0.609375,0.8125,0.6875,0.890625,0.6875,0.992188,0.40625,0.90625,0.40625,0.90625,0.492188,0.992188,0.492188,0.21875,0.59375,0.390625,0.421875,0.390625,0.59375,0.992188,0.3125,0.90625,0.3125,0.90625,0.390625,0.992188,0.390625,0.9375,0.8125,0.90625,0.8125,0.90625,0.890625,0.9375,0.890625,0.789062,0.820312,0.617188,0.890625,0.789062,0.890625,0.921875,0.6875,0.992188,0.6875,0.992188,0.617188,0.609375,0.1875,0.6875,0.1875,0.6875,0.0078125,0.609375,0.0078125,0.6875,0.390625,0.617188,0.390625,0.6875,0.21875,0.0859375,0.609375,0.0078125,0.609375,0.0078125,0.789062,0.0859375,0.789062,0.390625,0.789062,0.21875,0.789062,0.390625,0.71875,0.921875,0.289062,0.992188,0.289062,0.992188,0.21875,0.921875,0.789062,0.9375,0.789062,0.9375,0.71875,0.789062,0.1875,0.789062,0.0078125,0.710938,0.0078125,0.617188,0.59375,0.6875,0.59375,0.6875,0.421875,0.1875,0.890625,0.1875,0.820312,0.0234375,0.890625,0.992188,0.1875,0.992188,0.109375,0.960938,0.109375,0.960938,0.1875,0.117188,0.789062,0.1875,0.625,0.1875,0.789062,0.71875,0.390625,0.789062,0.390625,0.789062,0.21875,0.0078125,0.882812,0.0078125,0.8125,0.179688,0.8125,0.710938,0.210938,0.78125,0.210938,0.710938,0.382812,0.210938,0.9375,0.390625,0.9375,0.390625,0.90625,0.210938,0.90625,0.382812,0.40625,0.210938,0.40625,0.210938,0.578125,0.9375,0.1875,0.9375,0.0078125,0.90625,0.0078125,0.90625,0.1875,0.210938,0.992188,0.289062,0.992188,0.289062,0.960938,0.210938,0.960938,0.59375,0.40625,0.507812,0.40625,0.507812,0.59375,0.59375,0.59375,0.390625,0.6875,0.390625,0.617188,0.21875,0.6875,0.71875,0.59375,0.789062,0.59375,0.789062,0.421875,0.210938,0.679688,0.210938,0.609375,0.382812,0.609375,0.921875,0.59375,0.992188,0.59375,0.992188,0.523438,0.890625,0.820312,0.890625,0.890625,0.820312,0.890625,0.1875,0.0078125,0.0078125,0.0078125,0.0078125,0.1875,0.1875,0.1875,0.09375,0.90625,0.0078125,0.90625,0.0078125,0.992188,0.09375,0.992188,0.59375,0.789062,0.59375,0.71875,0.421875,0.789062,0.890625,0.9375,0.890625,0.90625,0.8125,0.90625,0.8125,0.9375,0.1875,0.40625,0.0078125,0.40625,0.0078125,0.59375,0.1875,0.59375,0.609375,0.210938,0.609375,0.382812,0.679688,0.210938,0.382812,0.710938,0.210938,0.710938,0.210938,0.78125,0.609375,0.40625,0.679688,0.40625,0.609375,0.578125,0.890625,0.390625,0.890625,0.21875,0.820312,0.390625,0.578125,0.710938,0.40625,0.78125,0.40625,0.710938,0.109375,0.609375,0.109375,0.78125,0.179688,0.609375,0.59375,0.921875,0.59375,0.9375,0.421875,0.9375,0.8125,0.8125,0.8125,0.882812,0.882812,0.8125,0.90625,0.507812,0.976562,0.507812,0.90625,0.578125,0.992188,0.710938,0.953125,0.710938,0.953125,0.789062,0.992188,0.789062,0.820312,0.59375,0.890625,0.421875,0.890625,0.59375,0.609375,0.882812,0.609375,0.8125,0.78125,0.8125,0.976562,0.609375,0.90625,0.679688,0.90625,0.609375,0.8125,0.578125,0.882812,0.40625,0.8125,0.40625,0.40625,0.90625,0.40625,0.929688,0.578125,0.90625,0.789062,0.71875,0.789062,0.789062,0.617188,0.789062,0.710938,0.578125,0.710938,0.40625,0.78125,0.40625,0.609375,0.78125,0.78125,0.710938,0.609375,0.710938,0.492188,0.59375,0.421875,0.59375,0.492188,0.421875,0.90625,0.28125,0.90625,0.210938,0.976562,0.210938,0.1875,0.921875,0.117188,0.992188,0.1875,0.992188,0.34375,0.960938,0.3125,0.960938,0.3125,0.992188,0.34375,0.992188,0.710938,0.9375,0.789062,0.9375,0.789062,0.90625,0.710938,0.90625,0.992188,0.09375,0.992188,0.0078125,0.960938,0.0078125,0.960938,0.09375,0.9375,0.90625,0.90625,0.90625,0.90625,0.9375,0.9375,0.9375,0.609375,0.6875,0.789062,0.6875,0.789062,0.609375,0.609375,0.609375,0.476562,0.40625,0.40625,0.40625,0.40625,0.578125,0.109375,0.976562,0.109375,0.90625,0.179688,0.90625,0.421875,0.390625,0.59375,0.21875,0.59375,0.390625,0.59375,0.6875,0.59375,0.617188,0.421875,0.6875,0.40625,0.210938,0.40625,0.382812,0.578125,0.210938,0.40625,0.609375,0.578125,0.609375,0.40625,0.679688,0.21875,0.390625,0.390625,0.21875,0.390625,0.390625,0.382812,0.210938,0.210938,0.210938,0.210938,0.382812,0.390625,0.0078125,0.210938,0.0078125,0.210938,0.1875,0.390625,0.1875,0.8125,0.210938,0.882812,0.210938,0.8125,0.382812,0.59375,0.890625,0.421875,0.890625,0.59375,0.820312,0.40625,0.8125,0.40625,0.882812,0.578125,0.8125,0.90625,0.710938,0.929688,0.710938,0.90625,0.78125,0.1875,0.210938,0.0078125,0.210938,0.0078125,0.390625,0.1875,0.390625,0.59375,0.0078125,0.40625,0.0078125,0.40625,0.1875,0.59375,0.1875,0.890625,0.0078125,0.8125,0.0078125,0.8125,0.1875,0.390625,0.890625,0.390625,0.8125,0.210938,0.8125,0.210938,0.890625,0.890625,0.710938,0.8125,0.710938,0.8125,0.789062,0.890625,0.789062,0.992188,0.890625,0.992188,0.8125,0.953125,0.8125,0.953125,0.890625,0.609375,0.945312,0.6875,0.945312,0.6875,0.90625,0.609375,0.90625,0.710938,0.1875,0.890625,0.1875]],